prenom,nom
Göran,Fasse
Méghane,Dooley
Béatrice,Guerreau
Anaël,Bonafant
Görel,Comar
Torbjörn,Bruntje
Frédérique,Jaram
Loïc,Tunnacliffe
Gösta,Woodland
Cécile,Warden
Dù,McEniry
Clémentine,Arnhold
Gisèle,Lansley
Angélique,Champain
Rachèle,Hasted
Stéphanie,Orhtmann
Marlène,Percifer
Mélia,Flowitt
Hélèna,Gilbey
Pò,Bollins
Danièle,Madge
Réservés,Curman
Måns,Hatwells
Frédérique,Flowith
Loïc,Micklewright
Laurélie,Ozelton
Dafnée,Buer
Maëlyss,Amberger
Nélie,Meadway
Noémie,Foulgham
Loïc,Vinnick
Agnès,Nend
Loïca,McIlwrath
Méng,Cuell
Marie-ève,Crosthwaite
Bérangère,Ricold
Aí,Crone
Marie-françoise,Kann
Rébecca,Linn
Kù,Poone
Bénédicte,Abbys
Marie-hélène,Jizhaki
Irène,Dohrmann
Táng,Eke
Alizée,Maldin
Åke,Rosier
Maëlann,Lyddyard
Michèle,Sellar
Véronique,Canby
Lucrèce,MacGrath
Véronique,MacMakin
Amélie,Bendon
Marlène,St. Queintain
Méghane,Edworthye
Naéva,Peye
Crééz,Ivakhnov
Annotée,Popple
Östen,Jordan
Camélia,Lidgely
Bécassine,Genney
Agnès,Kirkbride
Maï,Castro
Mélina,Reynard
Médiamass,Royl
Marie-thérèse,Dalziell
Örjan,Trenear
Ráo,Murtimer
Ráo,Skynner
Lyséa,Brent
Pò,Venable
Andréa,Decker
Crééz,Furst
Félicie,Renackowna
Frédérique,Dulson
Lauréna,Finch
Anaïs,Kalinsky
Pò,Wooles
Nadège,Domleo
Estève,Spall
Mylène,McConway
Anaëlle,Grindley
Eugénie,Pullar
Camélia,Pinson
Estève,Dawley
Pélagie,Jaume
Thérèse,MacPaike
Léonie,Lainton
Pål,Arrol
Yáo,Szymanowski
Méryl,Monday
Géraldine,Nanson
Pénélope,MacFarland
Nuó,Pyett
Illustrée,Barff
Nadège,Dunthorn
Méng,Surridge
Dà,Mulkerrins
Célestine,Alty
Almérinda,Germon
Marie-françoise,Bogart
