nom,adresse,tel,email
Zoonoodle,966 Sycamore Alley,142-509-9320,rjanisson0@mapquest.com
Meejo,409 Iowa Center,741-970-8254,escarsbrook1@va.gov
Myworks,45495 Lillian Park,511-161-6269,gwoolley2@people.com.cn
Oyoloo,891 Harper Park,276-903-0312,rmilner3@gizmodo.com
Brainsphere,0 Loftsgordon Road,202-834-1938,rkellar4@wunderground.com
Skaboo,560 Atwood Place,960-137-3166,jlatan5@constantcontact.com
Youspan,70150 Buell Terrace,337-365-7793,bkirkland6@acquirethisname.com
Brightdog,8 Dapin Place,203-570-7082,basmus7@bloglovin.com
Zoonder,09305 Farwell Circle,830-302-3661,dstrong8@themeforest.net
Quatz,60 Express Hill,255-845-8957,mfox9@exblog.jp
Skivee,06915 Oakridge Trail,667-167-3117,chanwaya@ebay.co.uk
Youspani,1570 Crownhardt Pass,336-188-4902,cdogetb@twitter.com
Dynabox,23 Judy Road,311-757-1899,bkieltyc@mapquest.com
Oyoba,7424 Schlimgen Court,462-152-9280,lwinspared@prweb.com
Wordpedia,65088 Sauthoff Way,426-401-9193,ccandiee@ovh.net
Nlounge,1 Heffernan Way,622-315-6626,ebakewellf@bizjournals.com
Blognation,4 Bultman Plaza,274-644-0170,slytleg@hubpages.com
Vidoo,80673 Oak Parkway,696-119-1916,ebunneyh@yellowpages.com
Skinte,7646 Talisman Hill,574-756-7300,ncannawayi@yale.edu
Wikizz,86 Scofield Lane,370-759-4957,dgiannij@amazon.co.uk
